-- --------------------------------------------------------
-- Host:                         localhost
-- Server version:               5.7.24 - MySQL Community Server (GPL)
-- Server OS:                    Win64
-- HeidiSQL Version:             10.2.0.5599
-- --------------------------------------------------------

/*!40101 SET @OLD_CHARACTER_SET_CLIENT=@@CHARACTER_SET_CLIENT */;
/*!40101 SET NAMES utf8 */;
/*!50503 SET NAMES utf8mb4 */;
/*!40014 SET @OLD_FOREIGN_KEY_CHECKS=@@FOREIGN_KEY_CHECKS, FOREIGN_KEY_CHECKS=0 */;
/*!40101 SET @OLD_SQL_MODE=@@SQL_MODE, SQL_MODE='NO_AUTO_VALUE_ON_ZERO' */;


-- Dumping database structure for mnhazim
CREATE DATABASE IF NOT EXISTS `mnhazim` /*!40100 DEFAULT CHARACTER SET latin1 */;
USE `mnhazim`;

-- Dumping structure for table mnhazim.failed_jobs
CREATE TABLE IF NOT EXISTS `failed_jobs` (
  `id` bigint(20) unsigned NOT NULL AUTO_INCREMENT,
  `connection` text COLLATE utf8mb4_unicode_ci NOT NULL,
  `queue` text COLLATE utf8mb4_unicode_ci NOT NULL,
  `payload` longtext COLLATE utf8mb4_unicode_ci NOT NULL,
  `exception` longtext COLLATE utf8mb4_unicode_ci NOT NULL,
  `failed_at` timestamp NOT NULL DEFAULT CURRENT_TIMESTAMP,
  PRIMARY KEY (`id`)
) ENGINE=InnoDB DEFAULT CHARSET=utf8mb4 COLLATE=utf8mb4_unicode_ci;

-- Dumping data for table mnhazim.failed_jobs: ~0 rows (approximately)
/*!40000 ALTER TABLE `failed_jobs` DISABLE KEYS */;
/*!40000 ALTER TABLE `failed_jobs` ENABLE KEYS */;

-- Dumping structure for table mnhazim.migrations
CREATE TABLE IF NOT EXISTS `migrations` (
  `id` int(10) unsigned NOT NULL AUTO_INCREMENT,
  `migration` varchar(191) COLLATE utf8mb4_unicode_ci NOT NULL,
  `batch` int(11) NOT NULL,
  PRIMARY KEY (`id`)
) ENGINE=InnoDB AUTO_INCREMENT=20 DEFAULT CHARSET=utf8mb4 COLLATE=utf8mb4_unicode_ci;

-- Dumping data for table mnhazim.migrations: ~7 rows (approximately)
/*!40000 ALTER TABLE `migrations` DISABLE KEYS */;
REPLACE INTO `migrations` (`id`, `migration`, `batch`) VALUES
	(9, '2014_10_12_000000_create_users_table', 1),
	(10, '2014_10_12_100000_create_password_resets_table', 1),
	(11, '2019_08_19_000000_create_failed_jobs_table', 1),
	(12, '2019_09_19_161740_create_mnh_quotes_table', 1),
	(15, '2019_09_19_165510_create_mnh_owner_table', 2),
	(16, '2019_09_20_120819_create_mnh_lookup_mst_table', 2),
	(17, '2019_09_20_121016_create_mnh_lookup_var_table', 2),
	(19, '2019_09_20_123214_create_mnh_post_table', 3);
/*!40000 ALTER TABLE `migrations` ENABLE KEYS */;

-- Dumping structure for table mnhazim.mnh_lookup_mst
CREATE TABLE IF NOT EXISTS `mnh_lookup_mst` (
  `id` bigint(20) unsigned NOT NULL AUTO_INCREMENT,
  `title` varchar(191) COLLATE utf8mb4_unicode_ci NOT NULL,
  `created_at` timestamp NULL DEFAULT NULL,
  `updated_at` timestamp NULL DEFAULT NULL,
  PRIMARY KEY (`id`)
) ENGINE=InnoDB AUTO_INCREMENT=6 DEFAULT CHARSET=utf8mb4 COLLATE=utf8mb4_unicode_ci;

-- Dumping data for table mnhazim.mnh_lookup_mst: ~4 rows (approximately)
/*!40000 ALTER TABLE `mnh_lookup_mst` DISABLE KEYS */;
REPLACE INTO `mnh_lookup_mst` (`id`, `title`, `created_at`, `updated_at`) VALUES
	(1, 'post-type', '2019-11-10 16:07:45', '2019-11-10 16:07:46'),
	(2, 'tech-link', '2019-11-10 16:07:48', '2019-11-10 16:07:49'),
	(4, 'status', '2019-11-10 09:18:02', '2019-11-11 13:04:15'),
	(5, 'Place', '2019-11-10 12:41:12', '2019-11-11 13:04:59');
/*!40000 ALTER TABLE `mnh_lookup_mst` ENABLE KEYS */;

-- Dumping structure for table mnhazim.mnh_lookup_var
CREATE TABLE IF NOT EXISTS `mnh_lookup_var` (
  `id` bigint(20) unsigned NOT NULL AUTO_INCREMENT,
  `id_mst` bigint(20) unsigned NOT NULL,
  `code` varchar(50) COLLATE utf8mb4_unicode_ci DEFAULT NULL,
  `title` varchar(191) COLLATE utf8mb4_unicode_ci NOT NULL,
  `second_title` varchar(191) COLLATE utf8mb4_unicode_ci DEFAULT NULL,
  `desc` varchar(191) COLLATE utf8mb4_unicode_ci DEFAULT NULL,
  `image` varchar(255) COLLATE utf8mb4_unicode_ci DEFAULT NULL,
  `link` varchar(100) COLLATE utf8mb4_unicode_ci DEFAULT NULL,
  `created_at` timestamp NULL DEFAULT NULL,
  `updated_at` timestamp NULL DEFAULT NULL,
  PRIMARY KEY (`id`),
  KEY `mnh_lookup_var_id_mst_foreign` (`id_mst`),
  CONSTRAINT `mnh_lookup_var_id_mst_foreign` FOREIGN KEY (`id_mst`) REFERENCES `mnh_lookup_mst` (`id`)
) ENGINE=InnoDB AUTO_INCREMENT=32 DEFAULT CHARSET=utf8mb4 COLLATE=utf8mb4_unicode_ci;

-- Dumping data for table mnhazim.mnh_lookup_var: ~25 rows (approximately)
/*!40000 ALTER TABLE `mnh_lookup_var` DISABLE KEYS */;
REPLACE INTO `mnh_lookup_var` (`id`, `id_mst`, `code`, `title`, `second_title`, `desc`, `image`, `link`, `created_at`, `updated_at`) VALUES
	(1, 1, 'activity', 'Activity', NULL, NULL, '1573914230.jpg', NULL, '2019-11-15 22:32:16', '2019-11-15 14:23:50'),
	(2, 1, 'sharing', 'Sharing', NULL, NULL, '1573914251.png', NULL, NULL, '2019-11-16 14:24:11'),
	(3, 1, NULL, 'Portfolio', NULL, NULL, NULL, NULL, NULL, NULL),
	(4, 1, 'webDevelopment', 'Web Development', NULL, NULL, '1573901399.jpg', NULL, NULL, '2019-11-16 10:49:59'),
	(5, 1, 'InternetOfThings', 'Internet Of Things (IoT)', NULL, NULL, 'bg15.png', NULL, NULL, NULL),
	(6, 1, 'CyberSecurity', 'Cyber Security', NULL, NULL, 'bg17.png', NULL, NULL, NULL),
	(7, 1, 'Design', 'UI/UX Design', NULL, NULL, 'bg18.png', NULL, NULL, NULL),
	(8, 1, 'MobileApplication', 'Mobile Development', NULL, NULL, 'bg16.png', NULL, NULL, NULL),
	(14, 2, NULL, 'Bootstrap', NULL, NULL, '1573399874.png', 'https://getbootstrap.com/', '2019-11-10 15:30:26', '2019-11-10 15:31:14'),
	(15, 2, NULL, 'CSS3', NULL, NULL, '1573400443.png', 'https://en.wikipedia.org/wiki/Cascading_Style_Sheets', '2019-11-10 15:40:43', '2019-11-10 15:42:00'),
	(16, 2, NULL, 'HTML5', NULL, NULL, '1573400501.png', 'https://en.wikipedia.org/wiki/HTML5', '2019-11-10 15:41:41', '2019-11-10 15:41:41'),
	(17, 2, NULL, 'JQuery', NULL, NULL, '1573400572.png', 'https://en.wikipedia.org/wiki/JQuery', '2019-11-10 15:42:52', '2019-11-10 15:42:52'),
	(18, 2, NULL, 'Laravel 6', NULL, NULL, '1573400603.png', 'https://laravel.com/', '2019-11-10 15:43:23', '2019-11-10 15:43:23'),
	(19, 2, NULL, 'MySQL', NULL, NULL, '1573400649.png', 'https://www.mysql.com/', '2019-11-10 15:44:09', '2019-11-10 15:44:09'),
	(20, 2, NULL, 'PHP', NULL, NULL, '1573400675.png', 'https://www.php.net/', '2019-11-10 15:44:35', '2019-11-10 15:44:35'),
	(21, 2, NULL, 'Adobe Photoshop', NULL, NULL, '1573400721.png', 'https://www.photoshop.com/', '2019-11-10 15:45:21', '2019-11-10 15:45:21'),
	(22, 2, NULL, 'Sublime Text 3', NULL, NULL, '1573400752.png', 'https://www.sublimetext.com/', '2019-11-10 15:45:52', '2019-11-10 15:45:52'),
	(23, 2, NULL, 'Wordpress', NULL, NULL, '1573400793.png', 'https://wordpress.org/', '2019-11-10 15:46:33', '2019-11-10 15:46:33'),
	(24, 2, NULL, 'Adobe XD', NULL, NULL, '1573400841.png', 'https://www.adobe.com/sea/products/xd.html', '2019-11-10 15:47:21', '2019-11-10 15:47:21'),
	(25, 2, NULL, 'Adobe Illustrator', NULL, NULL, '1573400905.png', 'https://en.wikipedia.org/wiki/Adobe_Illustrator', '2019-11-10 15:48:25', '2019-11-10 15:48:25'),
	(26, 2, NULL, 'DaFont', NULL, NULL, '1573400936.png', 'https://www.dafont.com/', '2019-11-10 15:48:56', '2019-11-10 15:48:56'),
	(27, 2, NULL, 'FileZilla', NULL, NULL, '1573400957.png', 'https://filezilla-project.org/', '2019-11-10 15:49:17', '2019-11-10 15:49:17'),
	(28, 5, NULL, 'Politeknik Mersing', NULL, NULL, NULL, '#', '2019-11-11 13:05:14', '2019-11-11 13:05:14'),
	(29, 4, '1', 'Publish', NULL, NULL, NULL, '#', '2019-11-11 13:06:56', '2019-11-11 13:48:15'),
	(31, 4, '2', 'Unpublish', NULL, NULL, NULL, '#', '2019-11-11 13:49:15', '2019-11-11 13:49:15');
/*!40000 ALTER TABLE `mnh_lookup_var` ENABLE KEYS */;

-- Dumping structure for table mnhazim.mnh_owner
CREATE TABLE IF NOT EXISTS `mnh_owner` (
  `id` bigint(20) unsigned NOT NULL AUTO_INCREMENT,
  `name` varchar(191) COLLATE utf8mb4_unicode_ci NOT NULL,
  `notel` varchar(191) COLLATE utf8mb4_unicode_ci NOT NULL,
  `email` varchar(191) COLLATE utf8mb4_unicode_ci NOT NULL,
  `title` varchar(191) COLLATE utf8mb4_unicode_ci NOT NULL,
  `descwebsite` text COLLATE utf8mb4_unicode_ci NOT NULL,
  `position` varchar(191) COLLATE utf8mb4_unicode_ci NOT NULL,
  `positions` text COLLATE utf8mb4_unicode_ci NOT NULL,
  `desc` text COLLATE utf8mb4_unicode_ci NOT NULL,
  `address` varchar(191) COLLATE utf8mb4_unicode_ci NOT NULL,
  `username` varchar(191) COLLATE utf8mb4_unicode_ci NOT NULL,
  `password` varchar(191) COLLATE utf8mb4_unicode_ci NOT NULL,
  `birth` date DEFAULT NULL,
  `visitor` int(11) NOT NULL,
  `scndsub` varchar(160) COLLATE utf8mb4_unicode_ci NOT NULL DEFAULT '',
  `remember_token` varchar(160) COLLATE utf8mb4_unicode_ci NOT NULL DEFAULT '',
  `created_at` timestamp NULL DEFAULT NULL,
  `updated_at` timestamp NULL DEFAULT NULL,
  PRIMARY KEY (`id`)
) ENGINE=InnoDB AUTO_INCREMENT=2 DEFAULT CHARSET=utf8mb4 COLLATE=utf8mb4_unicode_ci;

-- Dumping data for table mnhazim.mnh_owner: ~1 rows (approximately)
/*!40000 ALTER TABLE `mnh_owner` DISABLE KEYS */;
REPLACE INTO `mnh_owner` (`id`, `name`, `notel`, `email`, `title`, `descwebsite`, `position`, `positions`, `desc`, `address`, `username`, `password`, `birth`, `visitor`, `scndsub`, `remember_token`, `created_at`, `updated_at`) VALUES
	(1, 'Muhamad Noor Hazim Mohamed Esa', '(+60) 16 7832 383', 'hazim@gmail.com', 'I\'am Hazim Esa', 'I choose Laravel(PHP Framework) to build this website because laravel is an open source and the most popular php framework in all requirement job.', 'Programmer', 'Web Developer,Web Designer,Frontend Developer,Graphic Designer', 'I\'m Hazim(23) from Bandar Penawar, Johor. I\'m Start learn and interest to write a coding from 2014. My experience in industry(Private Sector) almost 1 year start from Feb 2019 as a Programmer(Junior). ', '', 'hazim@gmail.com', '$2y$10$gyZWGjjllG7rmoH4V/eiYuUKtBbbFyVvWxY4Pn1Ja6yFBsRFgPLY.', '1996-04-27', 1324, 'Hello Dev', '', NULL, NULL);
/*!40000 ALTER TABLE `mnh_owner` ENABLE KEYS */;

-- Dumping structure for table mnhazim.mnh_post
CREATE TABLE IF NOT EXISTS `mnh_post` (
  `id` bigint(20) unsigned NOT NULL AUTO_INCREMENT,
  `id_var` bigint(20) unsigned NOT NULL,
  `title` varchar(191) COLLATE utf8mb4_unicode_ci NOT NULL,
  `desc` mediumtext COLLATE utf8mb4_unicode_ci NOT NULL,
  `place` varchar(191) COLLATE utf8mb4_unicode_ci NOT NULL,
  `status` int(11) NOT NULL,
  `visitor` int(11) DEFAULT '0',
  `content` longtext COLLATE utf8mb4_unicode_ci NOT NULL,
  `image` varchar(191) COLLATE utf8mb4_unicode_ci NOT NULL,
  `created_at` timestamp NULL DEFAULT NULL,
  `updated_at` timestamp NULL DEFAULT NULL,
  PRIMARY KEY (`id`),
  KEY `mnh_post_id_var_foreign` (`id_var`),
  CONSTRAINT `mnh_post_id_var_foreign` FOREIGN KEY (`id_var`) REFERENCES `mnh_lookup_var` (`id`)
) ENGINE=InnoDB AUTO_INCREMENT=64 DEFAULT CHARSET=utf8mb4 COLLATE=utf8mb4_unicode_ci;

-- Dumping data for table mnhazim.mnh_post: ~59 rows (approximately)
/*!40000 ALTER TABLE `mnh_post` DISABLE KEYS */;
REPLACE INTO `mnh_post` (`id`, `id_var`, `title`, `desc`, `place`, `status`, `visitor`, `content`, `image`, `created_at`, `updated_at`) VALUES
	(2, 2, 'Dignissimos aut ipsa nihil non itaque ullam aliquid.', 'Aliquid error quibusdam vel labore tenetur distinctio ut corporis dicta corrupti.', '28', 0, 78009, 'Qui earum voluptatem autem aut architecto. Qui architecto aut nesciunt harum perspiciatis quia ut.\n\nAut nemo voluptatem eos incidunt dolorem totam autem. Odit totam reprehenderit deleniti illo. Voluptas quas suscipit eos ut quidem ullam repellendus. Necessitatibus explicabo voluptatem voluptas sunt illum fugit.', 'default.png', '2019-09-21 16:37:18', '2019-09-21 16:37:18'),
	(3, 2, 'Asperiores quam qui dicta.', 'Et accusantium harum commodi placeat doloremque quaerat aut saepe velit eos molestiae ut odit voluptas dignissimos voluptatem ut.', '28', 1, 6497, 'Tenetur aspernatur laudantium consectetur quia quia mollitia voluptas. Optio ut ipsum architecto itaque nesciunt vitae pariatur. Sapiente quis aut labore doloribus minima qui nisi. Dolores maxime sit veritatis dolor doloremque.\n\nEum commodi quod eaque ipsam et ut. Voluptatem provident fuga dolor dolores repellat beatae. Aut ipsa qui fugiat a et voluptas quae. Cum itaque suscipit nisi.\n\nVoluptas aspernatur necessitatibus illum est consectetur. Numquam enim esse et aliquam omnis et. Quae est laboriosam earum ea ipsam est minus architecto. Minus est assumenda molestiae sed voluptatibus nihil et asperiores.\n\nEnim provident qui ut deserunt molestiae pariatur. Maxime hic tempora assumenda deleniti aliquam. Culpa ab quis ab cumque. Voluptatem beatae praesentium natus molestiae et ex.\n\nEst et quasi odio error est illo exercitationem quia. Rerum omnis totam doloribus sed sed dolor. Sint fugiat ut iure assumenda modi rerum. Voluptatem possimus fuga iusto repudiandae corrupti non mollitia. Vel neque quo repellendus.', 'default.png', '2019-09-21 16:37:18', '2019-09-21 16:37:18'),
	(4, 2, 'Recusandae repellendus mollitia quia eos soluta explicabo eos.', 'Mollitia totam sequi iste vel expedita neque harum iste eum exercitationem suscipit illo alias rerum similique est earum nihil.', '28', 1, 58672, 'Qui eum numquam et qui deserunt. Accusantium tempore est rem et. Aut fugit saepe numquam similique quas harum quidem. Voluptatibus aspernatur at impedit sed. Iusto in eum ut eveniet voluptatum similique deleniti.\n\nDucimus qui quis nihil. Similique sit accusantium cumque eos. Consequatur tempore molestias aut. Dolores reiciendis reiciendis dolores natus.\n\nAlias voluptas omnis neque rerum eius. Molestiae placeat molestiae modi qui. Qui enim tempore magni pariatur dolor et a. Odio sit fugiat quidem pariatur sint qui maxime.\n\nQuis labore quam est iusto odit quisquam. Possimus id velit unde. Suscipit sint et minus non.', 'default.png', '2019-09-21 16:37:18', '2019-09-21 16:37:18'),
	(5, 1, 'Quaerat soluta earum accusantium ut.', 'Incidunt ut molestias recusandae culpa dolores voluptates autem harum qui quibusdam.', '28', 1, 23689, 'Accusantium culpa et doloribus quia sunt. Consequuntur omnis qui commodi eligendi mollitia sit numquam minima. Ipsum est aliquam ducimus corrupti.\n\nQuae dolore est asperiores est nihil necessitatibus sit qui. Sint enim dolorem omnis. Animi sed expedita sint aut quo quis.\n\nConsequuntur qui et voluptas aliquam dignissimos. Distinctio odio sit consequatur non at omnis eos. Aut officia recusandae est quaerat pariatur. Quia ut aut aut tenetur quibusdam id quam.\n\nNon est nihil vel voluptas ex officiis. Adipisci debitis dicta officiis quia quia repellendus neque sit. Officia quam qui veniam qui. Ut sunt perspiciatis sit ut.\n\nOfficiis architecto ratione ipsa sed. Impedit assumenda labore ducimus facilis. Quibusdam eius mollitia dicta explicabo et.\n\nSaepe sit ullam cum aut incidunt. Unde consequatur reprehenderit facere ad reprehenderit rem quasi. Voluptatem nisi facere at dolore non aspernatur. Iusto consequatur nihil enim rerum debitis tempora voluptas.\n\nTotam porro est at sunt eligendi et dolores maxime. Vel aliquid aut blanditiis illo. Facilis ea fugit delectus voluptas veniam tempore. Vitae eveniet cum reprehenderit magni. Tenetur voluptates eligendi neque error eligendi vel voluptas.\n\nAdipisci adipisci similique repellendus consequatur cupiditate. Vel quia dolores odit maiores. Vero quae omnis ex quia distinctio velit.\n\nMolestiae dolores explicabo eaque quisquam numquam corrupti. Suscipit et tempore et voluptates quis aut. At dicta labore aliquid quisquam.', 'default.png', '2019-09-21 16:37:18', '2019-09-21 16:37:18'),
	(6, 3, 'Occaecati molestiae blanditiis doloribus odit nostrum quo.', 'Velit architecto doloremque rerum harum asperiores quos ea dignissimos sint doloribus reprehenderit voluptatum recusandae eum repellat cum repudiandae quasi in quis ut.', '28', 1, 42317, 'Velit tempore nihil dolor eveniet. Hic voluptate fugit aut sint est iure. Nihil saepe eveniet nemo vitae. Qui non eos modi rerum beatae.\n\nPossimus voluptatem cumque doloremque doloremque maxime distinctio. Nemo vitae ut asperiores exercitationem et quis. Ut odio fuga modi iusto.\n\nNulla et saepe molestiae id illo quis aliquid quod. Similique sit velit doloremque quos incidunt. Aliquid autem est corrupti nobis est assumenda velit.', 'default.png', '2019-09-21 16:37:18', '2019-09-21 16:37:18'),
	(8, 3, 'Et consequatur doloremque voluptatem veritatis minima laboriosam id.', 'Eius qui corporis dignissimos omnis cumque ratione occaecati omnis aut voluptas debitis culpa.', '28', 1, 59399, 'Ad omnis voluptas voluptas magni qui et vel. Neque voluptas ea voluptatem repellendus. Ducimus amet debitis voluptas.\n\nQuasi cupiditate amet qui illo. Eum at eos consequatur et. Qui quo eveniet necessitatibus dolores accusamus quos qui quasi.\n\nNumquam maxime et ad dolorum reprehenderit. Eos voluptas ea facilis numquam. Eos aliquid provident in quos laboriosam. Reprehenderit hic necessitatibus sunt dolores dolor.\n\nVelit ea dignissimos aut ipsa. Maxime molestias aut voluptates ut error aut ut. Molestias adipisci eveniet distinctio repudiandae.\n\nItaque excepturi esse eius maxime et. Voluptatibus deserunt deserunt repellendus. Et et aut velit autem cum.\n\nDicta culpa minima vel. Tempore corporis consequatur nihil aut. Et non earum aut dolor sunt. Occaecati est ducimus suscipit.\n\nAspernatur totam nemo earum sunt maxime autem. Non voluptatem quo sit maxime illo eos rerum. Occaecati aliquam aut culpa eaque ex dolores id qui. Aut qui reiciendis amet modi et est provident.', 'default.png', '2019-09-21 16:37:18', '2019-09-21 16:37:18'),
	(9, 1, 'Placeat tempora beatae asperiores ullam.', 'In eligendi voluptatum nesciunt quod sed eaque corrupti ut vitae quis libero sunt recusandae ullam minus ut labore aliquam.', '28', 1, 25519, 'Doloribus voluptas autem qui impedit vel qui. Officia in laudantium quaerat consequatur enim. Quis voluptate unde similique sed fugit. Laudantium voluptates neque in dolor earum. Velit assumenda architecto qui ullam.\n\nVel necessitatibus aut voluptatem facere ratione. Non vitae eveniet magni explicabo labore. Quos repellat provident et eligendi unde dignissimos.', 'default.png', '2019-09-21 16:37:18', '2019-09-21 16:37:18'),
	(11, 1, 'Molestiae tenetur occaecati at distinctio eligendi suscipit.', 'Similique laboriosam quo consequatur et nobis deleniti rerum sed et sit quisquam voluptatem.', '28', 0, 94790, 'Veritatis reiciendis itaque iure non. Dolor et in necessitatibus praesentium sint quod rerum. Sed numquam qui nobis magni hic eius. Doloribus rerum doloremque repellendus eum.\n\nDeleniti ipsam dicta omnis distinctio sequi neque nisi. Ea aut rem adipisci amet consequatur. Dolor nesciunt atque ad quis.\n\nDelectus eos accusantium quidem eius possimus. Vel eum non error qui sed. Velit ipsam voluptate eaque sit natus et. Voluptas placeat est deserunt voluptatum aut rem.\n\nQuisquam dicta temporibus velit. Vel totam qui at ea hic soluta quisquam. Nobis doloribus nemo odio quo consectetur ut culpa consequatur. Rem voluptatibus fuga fuga rerum et sequi eaque animi.\n\nSint et id adipisci nisi id laboriosam. Doloribus ut consectetur eum illum. Facilis fuga pariatur in earum dolorum et.\n\nQuisquam non cupiditate nesciunt voluptas unde quam. Maxime aliquam in fuga totam et qui corrupti. Enim voluptatem inventore iste nihil. Vero dolores sed hic voluptatibus quia laborum.\n\nDolorum ex possimus temporibus. Esse sequi rerum molestiae vel enim voluptatem est. Voluptatum mollitia voluptatum aut nostrum deserunt. Vero dicta rerum libero aut quis.\n\nTempora inventore quae natus deleniti quis omnis. Natus maiores natus totam laboriosam. Ut vero sint repudiandae maiores aut. Modi eos iste dolorem quidem dolorum enim necessitatibus aspernatur.', 'default.png', '2019-09-21 16:37:18', '2019-09-21 16:37:18'),
	(13, 1, 'Natus ut quos laudantium tenetur velit aperiam maxime.aa', 'Illo quia accusamus nam veniam consequatur numquam mollitia reprehenderit voluptate molestiae provident possimus ut non ut voluptatibus est unde.', '28', 1, 94931, 'Voluptatem temporibus praesentium sed occaecati. Delectus saepe eum aut pariatur est consectetur. Consequatur ipsam tenetur consequatur et itaque similique. Voluptas quia molestias aliquid ex ducimus autem. Neque enim hic facere expedita accusantium.\r\n\r\nVitae beatae vel omnis beatae facilis debitis. Omnis nemo quis cum ipsum dolores eveniet. Tempora nisi id molestiae saepe. Qui recusandae minus alias.\r\n\r\nHarum nobis ea ullam in quo asperiores. Error consequatur et voluptas eos vel distinctio. Dolorum accusantium ipsam aut aut laudantium consequuntur. Rerum ut vitae voluptatem sequi quisquam quas inventore.\r\n\r\nUt sed dolorem qui magni. Minus illo magnam enim delectus. Possimus ut velit qui ipsam. Esse tempore assumenda ipsum doloribus deleniti voluptas.', '1573487812.jpg', '2019-09-21 16:48:21', '2019-11-11 15:56:52'),
	(14, 3, 'Ut voluptatum aut voluptatibus quo reiciendis doloremque non nulla.', 'Ut illo dolorem est tempore unde rerum molestiae necessitatibus repellat officiis neque a magni voluptatem consectetur ut.', '28', 1, 47982, 'Officia quos velit reprehenderit repellendus. Ipsam qui et id porro nihil officia rerum. Magni placeat exercitationem in nihil rerum. Illum quia aut est aut tempora culpa quo.\n\nRerum aut excepturi et cum. Quisquam eveniet et commodi dolores aliquam ullam. Provident reiciendis numquam qui molestiae et. Dolorum eum est eius architecto. Earum laborum sit accusantium ut at.\n\nUt deserunt harum qui saepe qui qui. Et temporibus cumque ea non. Est repellat amet rerum ad ex dicta illum.\n\nRecusandae et quidem et quae molestias. Ea possimus omnis unde nemo. Quos eos quasi iusto consequatur vero consequatur numquam. Voluptatem nulla modi eum voluptas velit laudantium dolor eaque. Non voluptates saepe magnam aut odit atque.', 'default.png', '2019-09-21 16:48:21', '2019-09-21 16:48:21'),
	(15, 3, 'Perspiciatis quasi officia est sed.', 'Et quos est iusto et fugit ducimus et sit corrupti voluptatibus et doloribus est quas corporis.', '28', 0, 48453, 'Eos similique iste fugiat et aut. Fuga qui corrupti dolor nihil natus. Suscipit ab quo voluptatem ex minus autem fuga assumenda. Vel ex odio pariatur laudantium quisquam eius rem. Quo soluta recusandae et deserunt modi quo quam et.\n\nDolorem enim laboriosam est repellendus nobis et ut. Facilis qui tempora aut enim et.\n\nOmnis ducimus ullam quia animi sit sint et. Sed eum iure quod rerum maxime sed. At ipsum vel ut tempore. Autem quisquam alias veniam.\n\nSuscipit sint vel est nulla neque nihil. Dicta et eos deleniti aperiam rem dolores ad. Saepe repellat sed aut quia omnis saepe impedit.', 'default.png', '2019-09-21 16:48:21', '2019-09-21 16:48:21'),
	(16, 3, 'Minima sit possimus qui eum ad blanditiis.', 'Numquam omnis ut voluptas ea laudantium recusandae dolor placeat nemo quia ut.', '28', 1, 92120, 'Sit sit et velit voluptatem. Quia consequatur distinctio aspernatur at aut. Adipisci perferendis voluptatem ut non omnis sunt. Numquam quia sit sed aut adipisci cumque neque. Mollitia soluta laboriosam impedit quis dolores voluptas fuga eum.\n\nAut quia rerum et. Consequatur culpa sunt qui necessitatibus. Dicta ex rerum non et optio sed.\n\nAperiam tenetur dolorem voluptatem voluptatem fuga consequatur. Voluptatem et sapiente cumque numquam. Vero nostrum recusandae quia in sunt. Ut et iure dolorum eligendi dolorem blanditiis et. Nostrum ad voluptas at culpa autem ipsum neque ea.\n\nDignissimos ea non adipisci dolor cum. Qui provident sit possimus neque totam alias. Dolorum ducimus consequatur ipsum et sint consequatur. Quia ullam voluptates non sit et ut.\n\nFuga quia voluptatem voluptatem qui rerum iusto. Commodi et aliquid harum illum perferendis. Non nobis aut omnis non occaecati aperiam neque. Magnam aut aperiam vero neque quaerat impedit omnis.\n\nEt quis consequatur possimus quod nihil vel beatae. Numquam omnis maxime et error est cupiditate fuga. Architecto eaque consequuntur aliquam sint veritatis ducimus veniam. Ea sed asperiores doloremque veniam nesciunt et sequi.\n\nUnde consequatur odit dolores porro non similique. Exercitationem sequi eligendi animi sit distinctio praesentium. Molestias est ad quisquam sit maxime omnis. Culpa ut dolorem vel distinctio et.\n\nNam cupiditate laudantium nam consequatur odit. Vero voluptatem molestias non aliquam. Recusandae officia odio ut suscipit aliquam. Officiis excepturi enim optio voluptatem possimus et.\n\nQuisquam vero et voluptatem sed ipsam. Vero sint id quisquam et. Optio nemo exercitationem eum dolorem ducimus est porro.', 'default.png', '2019-09-21 16:48:21', '2019-09-21 16:48:21'),
	(17, 3, 'Eum dolorem enim dolor amet tempora.', 'Sequi nam quo eum ducimus pariatur occaecati fugit quidem id et temporibus aliquam.', '28', 1, 15831, 'Quod magnam nihil sapiente voluptatem quod voluptatem saepe. Sint id deleniti tempore. Sit mollitia omnis dolores amet deleniti assumenda. Dicta nulla assumenda omnis consequatur accusamus.\n\nEaque dicta sit voluptatem saepe ratione rerum. Nemo et distinctio vitae sapiente voluptate delectus accusamus. Reiciendis nihil cum et est vel tempora. Sequi voluptatum ex ut consequatur.\n\nNulla ut error animi. Voluptatem consequatur maiores et vel perspiciatis earum quibusdam. Id veritatis vero alias quis repellendus. Quam illo recusandae amet et impedit dolores.\n\nNecessitatibus molestiae quisquam aut molestiae non esse. Ratione itaque dolorum error non accusamus et officia. Atque dolorem sed architecto vitae iusto quia. Et explicabo aliquam sit harum aut.', 'default.png', '2019-09-21 16:48:21', '2019-09-21 16:48:21'),
	(18, 2, 'Corrupti in voluptatem porro voluptatem porro enim voluptatem.', 'Dolorum pariatur dolore sunt eaque maxime deleniti aperiam temporibus eos modi praesentium repellat soluta distinctio voluptatem et tenetur sunt molestiae.', '28', 1, 60253, 'Eum sed qui voluptatem aspernatur. Aspernatur laboriosam fugiat ut saepe ullam ad ut.\r\n\r\nRepudiandae in inventore ut nesciunt non iure. Non voluptatem et enim sint. Reiciendis tenetur et labore totam architecto molestiae.\r\n\r\nEt consectetur asperiores id repellat vitae tempora ea asperiores. Velit doloribus magnam ut ut. Distinctio nulla est quis. Molestiae eligendi numquam architecto nemo.\r\n\r\nSimilique harum in dignissimos beatae reprehenderit laudantium non. Non necessitatibus earum commodi autem.\r\n\r\nIpsa et beatae sit sit voluptatem. Voluptatem fuga qui non pariatur nostrum ad. Doloribus cum perferendis quisquam. Sapiente a est voluptatem.\r\n\r\nConsectetur delectus odit ut accusamus quas et sunt qui. Dolor dolorem explicabo voluptate minus. Sint qui dolor magnam architecto. Expedita officia est molestiae recusandae doloremque ullam repellendus.\r\n\r\nUt veniam aut aut provident nulla eligendi voluptatem aut. Earum consectetur expedita ut quam. Voluptas eveniet et distinctio ut qui. Voluptatem optio provident possimus iure eligendi possimus.\r\n\r\nQui est nihil blanditiis et esse. Harum consequatur officiis repellat. Eius esse voluptatem sed est quisquam minus quod.\r\n\r\nImpedit corrupti eum doloremque est. Iste est voluptates repellat id incidunt. Minima aspernatur voluptatem qui dicta officia quaerat.', '1573490549.jpg', '2019-09-21 16:48:21', '2019-11-11 16:42:29'),
	(19, 2, 'Optio sed necessitatibus molestiae iusto qui dolor explicabo.', 'Dolores sit voluptate eos quia dolore saepe quasi eligendi voluptas asperiores harum ut sed eaque aliquam ab aut.', '28', 0, 62066, 'Atque nostrum nam et commodi consequuntur incidunt error. Quo incidunt ut excepturi consectetur ipsum asperiores doloribus.\n\nQui sit debitis animi debitis aut autem. Itaque alias aliquam soluta perferendis iusto fuga ducimus. Temporibus beatae ut sit dolorem vel. Similique sequi in sapiente cumque voluptas occaecati.\n\nDolor velit ea et libero autem. Fugit cupiditate sit doloremque placeat ut quis eligendi. Veritatis aliquam aut dolorem expedita distinctio.\n\nAlias consequatur libero corrupti facilis sed numquam repellat. Est alias numquam in. Laboriosam cum iusto rerum suscipit dolores dolores. Id dolores sed voluptates quia cumque ducimus eos.\n\nRepellendus laborum maiores quos est iste velit veritatis. Non praesentium sed illo quisquam illum quis ut. Reiciendis laboriosam sunt id velit et officia aliquid.\n\nId eum molestiae qui enim fugit veritatis voluptatibus tempora. Veniam veritatis harum sit sed vel velit magnam. Amet natus deserunt qui ut saepe. Blanditiis itaque velit porro in.\n\nEst ea et sint sapiente sed voluptatem. Non ut consectetur sit incidunt reprehenderit. Eligendi reiciendis maxime eius totam cum dolorum omnis est. Rem libero atque amet dicta.', 'default.png', '2019-09-21 16:48:21', '2019-09-21 16:48:21'),
	(20, 1, 'Labore laudantium quia iste ipsam sint aut placeat.', 'Laudantium est aliquid consequatur tenetur ut eum nostrum aperiam labore et suscipit odit facilis aliquid delectus fugiat soluta laborum.', '28', 1, 97104, 'Rerum aut et omnis reiciendis impedit labore minus. Qui eos iure omnis esse ratione. Ipsam quia minima facilis incidunt eum magnam. Tempore porro rerum voluptatem id.\n\nTempore deleniti porro amet quia. Non sed quo illo et perspiciatis praesentium. Non sequi tempora quia eius est et. Voluptas rerum deserunt libero sunt cumque.\n\nEst error et molestiae dolore veritatis. Enim aspernatur officia ea velit aut. Quaerat esse quia officia pariatur eum tempora ut suscipit. Occaecati officia unde mollitia quas veniam.\n\nUnde voluptatem harum quis sit aut repellendus repellendus autem. Eum reprehenderit ipsum architecto consequatur. Aut quia laudantium tempore molestiae facere eum inventore eligendi. Sed magni est architecto est.\n\nEt id suscipit ut quia eum quisquam est est. Voluptate sit eveniet voluptas. Non placeat ea tempore quam non odit. Aut non commodi quia nam quos. Deleniti quo et earum maiores.', 'default.png', '2019-09-21 16:48:21', '2019-09-21 16:48:21'),
	(21, 2, 'Reiciendis quaerat tenetur nisi occaecati qui eveniet.', 'Commodi sunt ab ullam non tempora enim omnis saepe nam laboriosam.', '28', 0, 69525, 'Consequatur ut odit possimus adipisci. Expedita eius numquam dolore sunt et quis cupiditate. Quasi voluptatibus fugiat ratione.\n\nAutem eaque quas sint et doloribus nobis. Non est et eum doloremque aut. Enim occaecati similique voluptatem repellendus et modi facere officia. Et laudantium non voluptate eaque numquam. Fugit voluptatem qui molestiae.\n\nRepellat magni praesentium eveniet. Et vitae quis quasi magnam quod rerum. Architecto voluptatum in iure ipsum.', 'default.png', '2019-09-21 16:48:21', '2019-09-21 16:48:21'),
	(22, 3, 'Et eligendi veritatis sit cupiditate suscipit eaque.', 'Et repellat sapiente suscipit consectetur sunt quis nihil quaerat error illo ratione et soluta aliquid aspernatur sint corrupti et facilis doloribus.', '28', 1, 34686, 'Voluptas corrupti rerum nostrum ut laudantium. Ea aut recusandae qui vero repudiandae natus quia.\n\nEos reprehenderit sed eius ullam ipsam dolor. Velit repudiandae similique quia consequatur reprehenderit excepturi sapiente qui. Nisi atque sed ex. Magni distinctio soluta dicta.\n\nQui nesciunt officia rerum. Ea culpa optio dolor repellendus ad officiis. Dignissimos officiis amet facere est laborum ea distinctio. Voluptas quae exercitationem illum qui quo.\n\nRepellat omnis facilis repellat accusantium quaerat sint. Velit et repellat vel. Et molestias consequatur necessitatibus minus libero aut blanditiis asperiores.\n\nLaborum fuga sapiente ea voluptatem placeat et excepturi. Voluptas eum mollitia debitis accusantium asperiores omnis. Neque facere hic doloremque facilis molestias natus quibusdam. Quis nobis dolorem earum. Maxime modi vero id ut nesciunt impedit ea.\n\nDolores quo eum enim aut nesciunt vitae ducimus. Quos sunt et aut expedita architecto quo id. Deleniti expedita delectus assumenda eos ipsam delectus adipisci aut. Est iusto provident sunt ut molestiae. Commodi dolore quam consequuntur ipsam et assumenda.\n\nQuaerat officiis quae et temporibus vitae similique accusamus. Ad ut dolor inventore architecto possimus amet illo. Quia quasi nam at ad.\n\nReprehenderit nam inventore sunt dolor omnis. Dolor expedita corrupti ad. Et modi corporis fuga. Odio ut illum rerum sapiente maiores odit at. Repellat et minus provident eaque illo nesciunt sed.', 'default.png', '2019-09-21 16:48:21', '2019-09-21 16:48:21'),
	(23, 1, 'Ut quo nemo vel exercitationem enim.', 'Sit officia voluptate voluptatem est modi optio id eos velit laudantium rerum vitae et.', '28', 0, 65911, 'Ex exercitationem autem est provident ab maiores quia. Sint quam et et cupiditate et placeat. Alias nihil tempora et non corrupti amet. Nam soluta numquam et reiciendis praesentium omnis magni est.\n\nLaudantium sunt laborum praesentium voluptas. Ad unde autem deserunt est minima. Aut suscipit nostrum dignissimos voluptates sint.\n\nAd qui alias esse voluptate quas sint. Corrupti eos deserunt aperiam maxime.\n\nVeniam cumque nulla voluptatem et. Mollitia a facere officia sed laudantium. Dolorem nam dolorem voluptate quae dolor accusamus tenetur.\n\nAtque sunt explicabo reiciendis soluta dolorem. Asperiores ut labore eveniet qui. Qui eveniet doloremque dolor possimus. Qui aut maiores consequatur labore.\n\nOmnis nesciunt cumque vel voluptas magni voluptas. At aut beatae dolore. Vero reprehenderit sed excepturi qui quia et. Quo iure aut fugiat nisi ut. Rerum cum eum hic quas.\n\nEt consectetur qui facere molestiae ut eius. Aut asperiores nulla porro praesentium. Rem et labore ipsa possimus doloribus praesentium.\n\nArchitecto molestiae et qui nesciunt voluptas et. Esse omnis quae saepe similique eligendi. Quo distinctio voluptas illo ipsam odit. In corrupti at ut non saepe a quibusdam et.\n\nAut consequatur consequatur nobis aperiam. Quia omnis pariatur necessitatibus quia quas. Repellendus illo vel dolore dolorem excepturi.', 'default.png', '2019-09-21 16:48:21', '2019-09-21 16:48:21'),
	(24, 2, 'Qui cum atque natus nemo.', 'Voluptatem iusto laborum omnis libero nisi voluptatem facere quod dolorem dignissimos possimus delectus optio earum quis id vitae quo est aut cupiditate tempora.', '28', 0, 76339, 'Harum est adipisci quisquam cum. Dolorem labore neque ut. Dignissimos porro quisquam eveniet perferendis saepe. Nihil et et qui voluptatibus eaque voluptatibus amet.\n\nOfficia ut voluptatem dolorem assumenda. Aperiam quidem qui dicta doloribus culpa. Autem corporis autem et consequuntur unde porro magni.\n\nPorro quis omnis et. Labore qui eligendi voluptate aut neque eum facilis. Quae ut possimus nulla in incidunt.', 'default.png', '2019-09-21 16:48:21', '2019-09-21 16:48:21'),
	(25, 3, 'Non possimus ad error minus eos occaecati deserunt.', 'Nulla ipsa sequi ut hic eius voluptas esse adipisci consequatur est exercitationem alias quae ea et cupiditate in consequatur et suscipit quod.', '28', 1, 32686, 'Aut velit incidunt odio dolores alias. Iure ut aut dolores rerum rerum. Nihil temporibus ex cum amet.\n\nTempore voluptatem animi quam voluptate. Ipsa enim eius iste deserunt ducimus quo. Id quia a velit doloribus. Iste voluptatum quam nihil.\n\nAnimi vero velit et eligendi sunt laudantium tenetur ut. Vel ut veritatis tempore adipisci quisquam architecto. A quas saepe quas incidunt et. Velit sed in eos quos nihil.\n\nSuscipit alias libero hic. Minima quia provident maxime consequuntur dignissimos atque. Ut veritatis veniam soluta similique.\n\nQui eum iusto reprehenderit vitae harum veritatis et quasi. Illum tenetur et quibusdam consequuntur quam officia. Velit maxime aperiam error officiis. Reiciendis omnis incidunt totam velit.\n\nVeritatis eum quasi ad autem ullam ea dolores. Eos quae enim dolorem animi. Enim sed velit rerum et nam alias natus quaerat. Dolorem voluptatem omnis esse architecto.\n\nBlanditiis quisquam ducimus facilis molestiae. Suscipit repellat maiores similique voluptatum. Voluptatibus et voluptatum architecto consequatur modi dolorem dolor doloremque.\n\nPariatur aliquam occaecati tempore. Et totam dolor illum sint.\n\nEos quia et ducimus at. Placeat eum sunt voluptatum. Soluta dolorum vel numquam non.\n\nAccusamus delectus a nesciunt aspernatur quia quisquam aut. Omnis voluptatem cupiditate accusamus vitae. Illo quasi eos qui architecto optio sit blanditiis. Laborum praesentium voluptatum qui vero sed est et.', 'default.png', '2019-09-21 16:48:21', '2019-09-21 16:48:21'),
	(26, 3, 'Voluptatibus natus expedita libero repellat quos.', 'Ut quia laborum rerum officiis omnis sed vitae ducimus in autem in tempore possimus nobis assumenda.', '28', 0, 86096, 'Quia id et aut similique eos temporibus. Assumenda fugit quidem dolor. Hic sequi molestiae et consequatur.\n\nNatus perferendis nulla recusandae quo. Ratione debitis corrupti qui dolor sint. Consequatur voluptates voluptas similique incidunt veniam consequatur.\n\nUt veniam debitis quidem aperiam soluta. Dolorem pariatur sequi fugiat in. Aspernatur dolores ut culpa ducimus. Molestiae eos doloribus ut voluptatibus quisquam cumque.\n\nNisi velit error et dolorem. Deleniti aut consequatur quia eaque blanditiis voluptates debitis provident. Minima nihil voluptate quae fugiat consequatur ex.\n\nVoluptatem porro vitae molestias quia eaque iste. Ut enim officiis quis sint dolores. Tempora et tempore rerum expedita nesciunt eius.\n\nCorporis odio dolore molestiae accusamus dolores eaque. Eaque sunt soluta nesciunt ut eos rem. Placeat non accusantium eos.', 'default.png', '2019-09-21 16:48:21', '2019-09-21 16:48:21'),
	(27, 2, 'Maiores voluptatem consequuntur corporis omnis non ullam.', 'Consequatur quia blanditiis ut consequatur dolorem ea sunt ipsam molestiae.', '28', 0, 81763, 'Aut pariatur odit est velit magnam provident architecto nulla. Et expedita dolor nesciunt at dolor ut. Est id voluptatibus et asperiores alias corrupti. At exercitationem consequatur nihil voluptatibus et. Distinctio itaque ea aperiam quos vel qui velit.\n\nDebitis error tenetur blanditiis necessitatibus. Saepe vel assumenda porro in et ipsa.\n\nReprehenderit eaque excepturi fuga ut error maxime voluptate. Dicta illum blanditiis dicta dolorum quia eum ad. Est accusantium atque aut voluptas.', 'default.png', '2019-09-21 16:48:21', '2019-09-21 16:48:21'),
	(28, 1, 'Nemo adipisci repellendus sunt.', 'Rem autem est culpa voluptas minima dolores incidunt tempore provident quas quam.', '28', 0, 51979, 'Quia commodi et enim repellat magni accusamus perspiciatis. Cumque minus totam dolore totam a enim facere. Animi ipsam iste pariatur voluptatem quae et consequatur. In ut deleniti non blanditiis cumque.\n\nUt ipsam eos alias iusto et. Error porro quia natus expedita atque provident.\n\nConsequatur iure et at quidem voluptatem. Recusandae dignissimos quidem et molestiae corrupti est dolore. Id nulla dignissimos fuga accusantium ab.\n\nIpsam doloribus commodi sapiente deserunt animi temporibus fugiat. Necessitatibus commodi voluptas molestias corporis impedit maiores est.\n\nFacilis eum sint repellat rerum. Asperiores assumenda cupiditate ut enim provident. Aspernatur corporis et perspiciatis sed illum qui quos.\n\nMolestiae dolorum est ab. Deserunt rerum cum soluta. Recusandae consequatur rerum suscipit.\n\nAt mollitia numquam nisi reprehenderit. Et labore consequuntur quia impedit voluptatem ab sed modi. Qui molestias atque ipsa debitis. Et quam cumque ut aspernatur dolor sint.\n\nBlanditiis sint ipsam similique repellat quaerat similique quaerat culpa. Voluptas quis sunt autem labore est. Laboriosam placeat autem corporis ut quos qui excepturi. Quia aut quibusdam quasi eos reiciendis rerum quis.\n\nEligendi delectus non vero necessitatibus aut vel. Labore qui minima minus dolores. Consequatur explicabo est labore dolorum qui et.\n\nId ipsa modi totam quis. Sit est sed nihil rerum magnam et voluptatem dicta. Est a aliquid et. Inventore sequi quos consequatur error.', 'default.png', '2019-09-21 16:48:21', '2019-09-21 16:48:21'),
	(29, 3, 'Deserunt voluptas labore ut esse sit amet.', 'Ut voluptatem itaque exercitationem consectetur placeat similique veniam est et ut omnis est.', '28', 1, 15919, 'Animi ut velit aperiam voluptatum non autem corporis. Fugit est dolor quidem est. Occaecati totam et sit nihil esse. Ut aut quos laudantium sit.\n\nVoluptatibus earum ut quas velit ut. At nostrum libero sint. Hic explicabo repellat maxime voluptates. Magnam inventore sed quis eum dolorum.\n\nQuasi ea similique ipsa. Voluptate doloremque nesciunt quasi sit et. Corrupti fugit sunt odit non qui at.', 'default.png', '2019-09-21 16:48:21', '2019-09-21 16:48:21'),
	(30, 1, 'Consequatur et hic tempora sed.', 'Saepe quos possimus ut dolor ex veniam rerum voluptatibus iste ex perspiciatis facere repellat et cupiditate quis.', '28', 0, 91569, 'Quia officiis quos consequatur officiis eum. Vero voluptatum et vel enim accusantium mollitia consequatur. Corrupti aperiam nesciunt nesciunt ut dignissimos harum et.\n\nCorporis aspernatur aspernatur molestiae et quo placeat labore. Ut et facere necessitatibus voluptatem voluptates eos consequuntur sed. Et sint rerum quis non sint. Atque quo tempore neque iure iusto deleniti.\n\nEt saepe voluptatem culpa iusto. Doloribus tempore perspiciatis officia veniam dolore quos. Ipsum maiores atque aut natus.\n\nEa illum ex quo nihil. Ullam tempore molestias perferendis ut laudantium distinctio. Vel et nisi illo quaerat.\n\nVel doloribus aut ut qui nemo ut. Aperiam deserunt veniam molestias ea deserunt id est pariatur. Accusamus aut et fugit qui.\n\nConsequatur veniam asperiores dolor deleniti ducimus voluptas. Repudiandae ipsa debitis aspernatur.\n\nLibero quidem aspernatur accusantium et id possimus sunt. Cum quae soluta blanditiis a aut est voluptas beatae.\n\nNemo est minima reprehenderit molestiae aut possimus dignissimos sunt. Deleniti a quia alias fugiat culpa. Voluptates sed magnam delectus qui aliquid cupiditate ut non.', 'default.png', '2019-09-21 16:48:21', '2019-09-21 16:48:21'),
	(31, 1, 'Sunt corrupti a quo nisi totam quia dicta.', 'Nulla quis quod doloremque inventore ipsa quidem delectus quos ut possimus cupiditate odio.', '28', 1, 89367, 'Quia officia porro quo eos et autem dolor accusantium. Optio est distinctio ea dicta dolor. Voluptates eligendi qui accusantium id quas maiores. Adipisci vitae odit qui.\n\nMolestias sit recusandae voluptas nesciunt. Nihil architecto eveniet velit ut nisi tenetur. Ducimus ea dolorum cum deleniti necessitatibus dicta. Autem quia sit quia consequatur eum.\n\nAspernatur deleniti cupiditate maxime expedita. Deleniti perspiciatis architecto est illo minus dolorem ut quo. Iure maiores sunt eos qui.\n\nDeleniti expedita ut itaque ut quas sed aut. Voluptatem a placeat optio minus aut quis reprehenderit. Delectus qui voluptates enim accusantium mollitia sint.\n\nPerferendis voluptas ex quia minus ea odit sapiente. Nostrum vel fugit et. Earum sed omnis nulla enim placeat soluta tempore. Aperiam debitis culpa molestiae fugit necessitatibus ipsa aperiam. Natus aperiam et ducimus.\n\nVoluptas adipisci aut assumenda vitae dolorem qui rerum. Sunt placeat illo nam est autem vel consectetur. Placeat et ut dolorem dolorum ea fugit.\n\nExcepturi error sint voluptates vero. Rerum voluptates molestiae consectetur et repellendus repellendus. Doloribus assumenda eum aut quisquam quam odio et. Dolorum corporis aut nihil in quis quos.\n\nSit aut fuga ut est eligendi. Sit possimus ut dolorem rem quasi. Dolores perferendis non sit accusantium minus. Quam magni magni commodi nulla minus. Odio voluptates quis explicabo sed et deserunt.\n\nAlias id accusantium inventore. Ut deserunt et iste. Est qui id quia recusandae ipsam sapiente.', 'default.png', '2019-09-21 16:48:21', '2019-09-21 16:48:21'),
	(32, 3, 'Velit aperiam voluptatem aut omnis ex voluptatem.', 'Vel magni consequuntur maxime sit excepturi rerum tempora sint occaecati deleniti.', '28', 1, 68864, 'Dignissimos architecto provident nobis a voluptatum. Ipsa incidunt temporibus omnis voluptas autem minima quam. Dignissimos sed sed consequuntur temporibus et quis. Voluptas quos aspernatur maxime ut nobis perspiciatis. Nam odio est quo sit tenetur.\n\nRepellendus eius deleniti doloremque atque architecto eaque asperiores. Corporis aut ipsa eligendi aliquid. Dolores in laudantium amet veritatis.\n\nCorporis ullam tempore eum omnis perspiciatis. Quae minus deleniti quas et. Officia ullam ut sunt veritatis reprehenderit laborum.\n\nEt veniam optio sit ut magnam ratione. Rerum omnis aut aut et expedita.\n\nAmet et sapiente voluptatem ea neque. Occaecati doloribus voluptatibus odit eligendi id. Voluptatem est id et consequuntur. Nisi enim iste culpa veniam possimus nihil.\n\nAb assumenda omnis officiis. Nulla quidem pariatur laboriosam cum inventore repellat ullam. Cupiditate magnam tenetur quo non. Adipisci ea omnis est reiciendis.', 'default.png', '2019-09-21 16:48:21', '2019-09-21 16:48:21'),
	(33, 2, 'Et officiis dignissimos qui sapiente asperiores earum nemo commodi.', 'Aut qui doloribus et deleniti vel a et distinctio porro ad sequi.', '28', 1, 88096, 'Suscipit sapiente tempora non. Consequuntur inventore tenetur qui amet id. Aut totam dolores soluta accusamus et eos.\n\nEst vel rerum sapiente repellat delectus repellat. Ullam vero et culpa rerum id velit. Ex hic laudantium aut suscipit qui soluta deserunt vel. Cupiditate voluptates laborum perferendis ut.\n\nUt laboriosam illum mollitia ipsum ut. Illo dicta eveniet cumque in. Quia iure officia iure mollitia nesciunt provident eveniet sit. Velit illum sit recusandae.\n\nUt placeat blanditiis quod exercitationem ea. Aliquam accusamus dolores iure magnam laborum sit. Delectus distinctio omnis voluptatibus. Amet sint repellendus tenetur veritatis explicabo soluta illum.\n\nSapiente excepturi quod sint porro quo. Alias totam voluptates sunt fugit modi. Eum sed aut impedit expedita fuga. Sunt omnis asperiores doloremque eligendi consequuntur aut perferendis.\n\nIn vero in repudiandae. Totam quibusdam atque possimus vitae omnis dolorem sapiente.\n\nVoluptas et veritatis aliquid veniam eum distinctio nihil. Vitae voluptatibus dignissimos et quam. Et et qui est quia ad dolor. Id suscipit veniam sunt est. Sequi quidem quis quis sint aut.\n\nAliquam enim omnis consequuntur similique consequatur. Doloremque exercitationem quae ut eos dolorem. Dolorem libero aut maiores consequatur ut. Vel aut atque ut nemo. Qui qui et quas esse.\n\nUllam eos aut sunt nam soluta veniam aut. Odio quisquam commodi at qui et. Aperiam impedit fugit id qui.', 'default.png', '2019-09-21 16:48:21', '2019-09-21 16:48:21'),
	(34, 2, 'Deserunt corporis voluptates consequatur saepe consectetur velit nobis ipsum.', 'Aspernatur nihil nihil cumque accusamus ad natus cum voluptatem unde velit autem quasi.', '28', 0, 74562, 'Deleniti consequatur molestiae et deserunt fuga deserunt ea. Voluptatibus nostrum consequatur aut placeat vel. Asperiores sit rerum consectetur vel eligendi mollitia. Impedit ut tempora magnam et.\n\nNon qui sed veritatis sed explicabo. Delectus voluptas dolor itaque odio in voluptatibus consequatur neque. Velit placeat doloremque hic minima aut quia. Asperiores rerum qui voluptas beatae quidem sed ut doloremque. Architecto laboriosam inventore eum quibusdam maxime qui.\n\nAutem odit deleniti maiores sunt est debitis quia. Quia officia iusto eius non ut dolorum exercitationem cupiditate. Nam ut porro labore odio aut mollitia porro omnis.\n\nVoluptatum cumque et ipsam similique laudantium ducimus. Sunt et minima cupiditate necessitatibus placeat quas voluptate officiis. Eum repudiandae omnis distinctio ea est est. Ut officia quaerat quos.', 'default.png', '2019-09-21 16:48:21', '2019-09-21 16:48:21'),
	(35, 2, 'Possimus quia deleniti sunt esse vero aut.', 'At nesciunt quaerat nihil eum vitae quia fugiat error adipisci eveniet in deleniti et doloremque nobis cupiditate facilis dolore possimus vero repellendus.', '28', 1, 94998, 'Eligendi qui voluptatem nulla est ut incidunt. Et quasi inventore rerum aliquam placeat magni neque nisi. Ut commodi et quaerat vero voluptatibus et.\n\nEos impedit voluptas eos et reiciendis nihil odio. Accusantium saepe a consectetur libero iste ipsum. Nam et quos neque consequuntur ab quia. Libero aut molestias harum porro magni omnis voluptas.\n\nSimilique tenetur facere esse tenetur sed amet voluptatem. Et voluptas non dolores. Quia sint qui impedit nostrum itaque commodi.\n\nTotam asperiores quod assumenda et sed nobis ullam. Facilis ut voluptas eos aut repellat. Fugit dolor nostrum fugit eligendi et ea dolores. Cum occaecati cum pariatur alias nesciunt.\n\nSed sit est vel qui nobis eius. Voluptas amet saepe ut temporibus. Sit provident deleniti expedita qui quo similique omnis.\n\nSaepe sequi temporibus ab quia expedita quisquam. Atque ut quis officia ducimus ratione asperiores. In nisi ea dolor voluptate qui vel aut.\n\nEst repudiandae nihil inventore sit sunt. Unde voluptas perspiciatis quod voluptatem dolore. Repellendus et sit vel illo. Minus omnis placeat aliquam aut omnis.', 'default.png', '2019-09-21 16:48:21', '2019-09-21 16:48:21'),
	(36, 1, 'Cum rerum sint quis doloremque qui et omnis.', 'Rerum explicabo atque provident ut voluptatibus quia odit officiis omnis fugit et quae autem illo officia.', '28', 0, 83652, 'Autem velit rerum harum officia cumque. Aliquid nemo commodi sit. Qui eos qui dicta pariatur et impedit. Sit eaque ea in reprehenderit autem cum eos.\n\nRecusandae illum quae a nam aut. Dolorem qui itaque omnis nemo aliquam. Aut quod ut nobis ut voluptatem et.\n\nDebitis facilis illum fugit non nesciunt. Sunt vel quaerat libero enim architecto ut. Quam in earum suscipit eum.\n\nDolor atque praesentium voluptatem laboriosam repudiandae. Perspiciatis saepe sunt est magni illum quo quasi. Sequi eligendi minus et totam et.', 'default.png', '2019-09-21 16:48:21', '2019-09-21 16:48:21'),
	(37, 2, 'Enim recusandae dolorem itaque corporis at vero.', 'Magni reiciendis debitis assumenda perferendis maxime culpa est voluptatem nostrum mollitia.', '28', 1, 89731, 'Reiciendis quas ratione ab ut voluptas ut. Consequatur velit ut enim omnis corrupti non. Nisi deserunt quidem totam autem repellat ut repellendus. Officia odio suscipit atque mollitia deleniti.\n\nConsequatur et sapiente consequuntur magni. Dicta quod et omnis harum itaque qui et. Voluptatem itaque quia earum velit est.\n\nDebitis labore error eligendi tempore ut. Similique illo corrupti consequatur quibusdam quia in eaque similique. Dolorum harum et voluptatum ut consequatur neque. Quia consequatur ut voluptatem numquam qui quisquam.\n\nQuia ut aut ut. Porro delectus beatae sit est occaecati reiciendis qui. Occaecati officiis inventore odit ut sit possimus. Aliquid impedit ut iste et omnis enim.\n\nError sed labore provident velit voluptas velit. Eveniet nobis ea ut quas animi necessitatibus. Est minus odit distinctio aut non velit. Possimus cumque nobis at animi aut est repellendus.\n\nEt omnis nam totam possimus autem officiis non. Ad molestiae officiis in repellendus dolorem voluptas est rerum. Et inventore maiores cum possimus vel.\n\nEt voluptatibus perferendis fugiat voluptatum. Earum et eveniet veritatis. Quaerat aperiam velit perspiciatis quia molestiae.', 'default.png', '2019-09-21 16:48:21', '2019-09-21 16:48:21'),
	(38, 1, 'Facere porro molestiae cumque cupiditate et.', 'Natus eos consequatur nemo fugiat quia ut unde a consequatur vitae et labore voluptates consectetur porro tempora aut non doloremque non.', '28', 1, 51889, 'Quos ullam mollitia expedita possimus nisi sapiente dolores. Esse enim maxime ipsa rem eligendi delectus voluptatum. Ea officia sit ab ut quia nihil ducimus.\n\nQuis eveniet est nihil aut consequuntur accusantium. Aspernatur laborum ipsa dolor illo. Reprehenderit minus sit voluptatem omnis minus in. Eius at laudantium id dignissimos nemo omnis.', 'default.png', '2019-09-21 16:48:21', '2019-09-21 16:48:21'),
	(39, 2, 'Repudiandae perferendis at quidem modi consequatur ipsa sed.', 'Minima quisquam sit qui omnis distinctio dolorum nulla corporis sed ea harum repellat cupiditate sequi aut deleniti.', '28', 1, 81935, 'Aperiam omnis consequatur sunt ex nihil quia. Nisi eligendi magni facilis quidem sint aperiam. Sunt aliquid id non quos. Ut omnis saepe ut soluta distinctio nemo.\n\nEst libero voluptatem ea ipsa eos. Quod itaque cum aut fuga. Modi non itaque voluptatem in dignissimos. Quis et ut excepturi eos sed et.\n\nVoluptatem exercitationem quaerat nulla officiis cupiditate. Dolor enim fuga et laborum consequatur reiciendis eos. Modi fugit nesciunt doloremque officia voluptate et. Quis qui ad omnis.\n\nVel quia omnis reiciendis numquam. Quia porro vero magni nam quam facilis asperiores. Quis ipsam sit quisquam ea deserunt doloremque.\n\nConsequatur impedit consequatur voluptatem aut omnis autem ipsam illo. Reprehenderit aliquam voluptatem architecto autem aliquid laudantium. Commodi dolores cumque ab.\n\nAdipisci repudiandae enim est quo. Sunt non sunt molestiae facilis ipsam est cum excepturi. Distinctio praesentium similique eaque aut. Consectetur saepe id quas qui omnis ea autem voluptate.', 'default.png', '2019-09-21 16:48:21', '2019-09-21 16:48:21'),
	(40, 3, 'Et sit voluptas mollitia quod.', 'Ut dolorem dolore natus commodi voluptatum deserunt ipsum dolores ipsam tempora ex dolor.', '28', 0, 26097, 'Non doloribus cupiditate molestiae dolores autem. Qui laboriosam et qui vero molestiae reiciendis.\n\nMolestiae praesentium impedit totam aliquid et. Itaque provident amet praesentium nihil vel molestiae. Et reiciendis sequi iusto adipisci reprehenderit voluptatem similique. Illum ex placeat et aut rerum quia.\n\nNon voluptatibus sint accusantium repellendus et hic similique. Esse quas earum voluptas odit at velit tenetur. Occaecati nemo dolorem magni eos perferendis quo. Dolore magnam alias dolorem non odit placeat magni.\n\nPerferendis molestiae omnis suscipit nulla vero. Exercitationem delectus voluptas voluptas aut dignissimos sunt. Ex possimus dolore ducimus ratione.\n\nVoluptate deleniti tenetur sed explicabo. Quis molestiae nam adipisci. Repellat nihil est quos voluptatem.\n\nSint quae assumenda aut harum voluptas et non. Ipsum labore saepe qui sapiente consequuntur. In alias possimus officiis quidem.\n\nVitae similique voluptatem laudantium. Qui eligendi odit eos est quis quia. Vero aspernatur excepturi ut nesciunt.\n\nDelectus est provident sit consequatur perspiciatis. Aliquid dolorum velit enim atque deserunt nostrum. Quos qui facilis officia nihil. Rerum non nobis deserunt velit vitae voluptas delectus ratione.\n\nQuas dolor eius reprehenderit qui alias. Sit deleniti voluptatem ullam quis fuga et. Quisquam aut totam accusantium vel perferendis. Labore et sunt minus in perspiciatis voluptatibus eum.\n\nSint magni eum distinctio. Enim impedit quidem expedita illum veritatis sapiente sed. Quos hic doloribus vel voluptatibus similique qui similique non. Est pariatur nisi est esse eligendi.', 'default.png', '2019-09-21 16:48:21', '2019-09-21 16:48:21'),
	(41, 1, 'Rem facere in maiores maxime error quis excepturi.', 'Blanditiis est temporibus dolorem velit aut quas qui nihil tempora laboriosam similique non et qui doloremque ratione et amet expedita magnam fugiat.', '28', 0, 79134, 'Omnis consequatur velit quia et et dolores magnam odio. Dicta natus aut quas sed ratione voluptatem et consequatur. Placeat numquam iste dolorum eaque laboriosam officia.\n\nQuia et ut impedit. Aspernatur ratione provident cupiditate veniam. Voluptatem sit perferendis et aperiam debitis.\n\nSed eos dicta pariatur reiciendis omnis sint incidunt earum. Ut impedit et magnam consequatur enim aut dolores. Maiores dolor et ea alias omnis at numquam. Nam dolorem neque quia reiciendis sit modi.\n\nSint dolorum temporibus expedita expedita et. Nihil nulla ea omnis laudantium voluptate distinctio. Minima qui nihil iste voluptatem. Eius dolorum alias asperiores dolore labore et et.\n\nOptio veritatis recusandae et cupiditate consequuntur natus sunt molestias. Nostrum molestias dolor quia corporis. Aspernatur similique dolorum rerum asperiores et eaque reprehenderit doloremque. Sit provident impedit et quod adipisci eveniet qui dolor.\n\nQui vitae quasi repellendus sint et eaque et. Velit nemo eos non illo tempore eveniet. Enim odit rerum voluptas facere ipsa incidunt.\n\nAliquid nihil mollitia possimus vitae hic quia. Architecto molestiae earum quasi voluptas et occaecati recusandae. Explicabo sint consequatur consequatur rerum rem.\n\nQui recusandae illum debitis fugit. Nobis amet iste nihil voluptatibus sunt cumque. Corporis accusamus debitis aut aliquam. Impedit aliquid aut totam eum mollitia et a.\n\nVel quod doloremque expedita dolor tenetur deserunt. Et quasi est cupiditate aut laborum officia consectetur. Deleniti repudiandae sed at quo officiis.', 'default.png', '2019-09-21 16:48:21', '2019-09-21 16:48:21'),
	(42, 1, 'Distinctio excepturi error itaque eius.', 'Eum nostrum molestiae vitae consequatur quo amet quaerat deleniti vel numquam earum suscipit vel quas quae et porro rem.', '28', 1, 82220, 'Sapiente cum quo aut atque omnis. Officia omnis adipisci consequuntur. Adipisci ad fugiat quisquam quia dolorum eum totam. Qui ut quod est doloremque officia.\n\nIpsam molestiae et nisi consequatur. Quam cumque ut aspernatur asperiores ut. Error asperiores rerum deleniti maxime laborum praesentium sit voluptatem. Et dolores accusantium autem ut.', 'default.png', '2019-09-21 16:48:21', '2019-09-21 16:48:21'),
	(43, 3, 'Ex qui laudantium quidem eligendi cupiditate odio qui.', 'Esse eum iure qui nihil voluptatum sed illo quis temporibus nisi molestiae quia architecto et.', '28', 1, 49920, 'Et voluptatem soluta omnis dolorem vel earum temporibus. Iure et illo similique voluptatem. Sit mollitia sit quos quos labore temporibus quod.\n\nIste laborum id molestias ex. Voluptas molestiae quo est sint ipsum sint praesentium. Natus ut qui perferendis soluta. Reiciendis eius est distinctio dolor ullam sunt.\n\nIure in voluptate perspiciatis voluptate. Hic nulla quos numquam sit. Eaque dolores distinctio cum in. Neque et blanditiis autem quo.', 'default.png', '2019-09-21 16:48:21', '2019-09-21 16:48:21'),
	(44, 2, 'Repudiandae sapiente cupiditate aut ratione quam aut libero.', 'Nihil dolorum non beatae ratione excepturi et explicabo inventore et deleniti voluptatem quia qui laudantium molestias eos sunt numquam tempore quo.', '28', 0, 54428, 'Aut ut ex aut et quia neque vero eum. Explicabo exercitationem velit voluptatem laborum quos. Molestiae sapiente aspernatur ut sunt dolor quia molestiae ut.\n\nIncidunt et sequi excepturi inventore. Fugit ipsam voluptas maiores ratione dolorem. Molestiae officiis voluptatem voluptatem fugiat cum ea voluptatem. Distinctio magni placeat sed iste magnam.\n\nImpedit nihil odio sint illo sint rerum voluptatum. Illum quia repudiandae accusantium rerum illo aut eos quidem. Repellat vero quo culpa et numquam expedita.\n\nUt et officiis vel aliquid quo ipsam. Et voluptates non corrupti omnis perferendis. Assumenda quia officia esse doloremque ipsam et. Culpa quia ut quo dolores quidem non dolor eligendi. Voluptates ex rerum dolores.\n\nAsperiores id vero laborum sequi. Sapiente consectetur nobis doloremque illum. Rerum dignissimos odio et exercitationem molestiae nobis accusantium voluptas. Quia sequi nobis est laboriosam. Velit non tempora vel tempore unde.\n\nDolore voluptatem aliquam atque et rerum. Quis aliquid aut excepturi adipisci quos et ut. Hic vel eum eligendi dolorem quia repellendus error veniam. Et tenetur quo nihil praesentium vitae.', 'default.png', '2019-09-21 16:48:21', '2019-09-21 16:48:21'),
	(45, 1, 'Magni a consequuntur veniam nostrum earum doloribus ipsam.', 'Dolorum doloremque est molestiae ipsam architecto placeat eaque harum quis eius et voluptatem in sapiente quod.', '28', 0, 40963, 'Id minus excepturi necessitatibus et quia. Voluptatem saepe et distinctio sunt voluptatem. Culpa quos qui consequatur perferendis fuga et iste. Et quisquam ipsum molestias distinctio tempora.\n\nIpsum vero nam ut adipisci qui qui nihil sunt. Dolorem veniam iste provident. Dolores qui molestias aut unde harum.\n\nEnim minus animi provident in. Aspernatur assumenda error eum totam alias. Repellat velit blanditiis dolorem sunt.\n\nSoluta provident consequatur quisquam possimus eum qui. Pariatur ducimus ab odit reprehenderit voluptatem animi similique. Libero possimus magni qui quo totam voluptas.\n\nRerum doloremque accusamus ut perferendis officia. Ad consequatur maxime repudiandae et. Id non commodi placeat dolores eveniet provident voluptas. Rem qui quia qui reiciendis.\n\nVoluptas impedit odio mollitia officiis. Perspiciatis dolore consequuntur non aliquid qui excepturi.', 'default.png', '2019-09-21 16:48:21', '2019-09-21 16:48:21'),
	(46, 3, 'Perferendis numquam ex omnis accusamus soluta minima deserunt eum.', 'Facilis sit eos maxime accusantium non qui perferendis neque iusto sapiente eos iusto recusandae voluptate et ut quasi officiis autem quo laudantium.', '28', 1, 32931, 'Sit amet dolor alias. Modi rerum ratione qui qui porro rem esse. Inventore quas et quia maxime.\n\nEst nisi nesciunt doloremque alias. Dolorum cum impedit dignissimos est cumque hic. Provident magnam expedita debitis velit est quo. Recusandae perferendis est rerum dicta.\n\nUnde similique sunt asperiores deserunt cupiditate. Quo velit autem accusantium architecto. Quidem voluptas soluta ipsa id veniam placeat. Vel distinctio sed ea quae libero enim.\n\nFacere soluta quae mollitia magnam delectus velit ipsa distinctio. Quo voluptate rerum laborum quo voluptas. Similique consectetur dolorum rerum dolorum nisi.\n\nSint deleniti nostrum ut alias vel exercitationem debitis adipisci. Quia eos tempore aspernatur commodi officia. Doloremque suscipit molestias vero blanditiis ab soluta minima. Consequuntur aut ad voluptas nesciunt. Voluptate blanditiis nemo labore accusantium nihil.\n\nEt esse tenetur non nam repudiandae non sed. Sed et doloremque nihil quis hic dicta non. Voluptatum sit ducimus eum harum cum dolores.\n\nSequi dolorem eos voluptatibus. Voluptas repellendus rerum qui officia aut neque. Quas harum perferendis cum non libero quisquam similique qui.\n\nEligendi qui dignissimos et. Laborum dolor commodi asperiores sint natus placeat ea. Deserunt dignissimos earum quaerat ipsam cupiditate enim sed facere.', 'default.png', '2019-09-21 16:48:21', '2019-09-21 16:48:21'),
	(47, 1, 'Perferendis blanditiis quia ut.', 'Cum ratione labore quasi minima omnis sunt cumque ut quod iste vitae ea et error commodi consequatur distinctio ab.', '28', 1, 55644, 'Nam non quia tempora consequatur est ducimus. Similique reiciendis voluptatem sunt velit. Rem maiores est aliquid. Odio sunt consequuntur qui deserunt dolores. Quaerat aut vel officia ut rerum aliquid.\n\nVel possimus accusantium ut quis. Quis voluptas et incidunt. Voluptatem perferendis vero omnis recusandae.\n\nSapiente excepturi sit facere quaerat odio ut id est. Atque quidem aut sit repellendus ut suscipit distinctio voluptatem. Qui dolores et iusto aut qui rerum dolores. Sed harum deleniti fuga asperiores deserunt ut aut ut. Velit dolorum odio voluptatem libero.\n\nMinima dolorum saepe aut sit vel aut itaque. Exercitationem quia rerum vero molestias numquam temporibus eius. Et ad reprehenderit sit ex et.\n\nNesciunt quis dolorem eum dolorem perspiciatis corporis. Tempora assumenda culpa aliquid officia labore et voluptatem. Maxime consequatur ut quisquam deleniti quia est ab. Dolor aut veritatis porro ea non et libero.', 'default.png', '2019-09-21 16:48:21', '2019-09-21 16:48:21'),
	(48, 1, 'Et harum earum libero et et qui.', 'Ut tenetur voluptatem et enim voluptas qui corrupti aut sit delectus atque voluptatum rerum a magni velit tempora.', '28', 1, 76328, 'Saepe vel est sit dicta et. Beatae fugiat illum atque aspernatur consequuntur facere aut. Aut molestias non similique ut dolorum officiis. Qui expedita facere sed dolore eligendi molestiae quaerat reiciendis.\n\nIpsa saepe voluptatum minima doloribus quae nam qui. In et mollitia nihil ullam incidunt. Recusandae natus quam voluptas vel quia.\n\nIn asperiores necessitatibus suscipit quo non. Praesentium sit non tempore hic ducimus earum. Voluptatibus facilis aut distinctio rerum recusandae. At quia doloremque culpa provident corrupti veniam quibusdam est.', 'default.png', '2019-09-21 16:48:21', '2019-09-21 16:48:21'),
	(49, 2, 'Quod impedit quisquam aut quia molestiae quo.', 'Laboriosam omnis temporibus quia rerum et est nobis consectetur ratione inventore est qui officia enim numquam est.', '28', 0, 1676, 'Rerum voluptatibus delectus amet tempora aut consequatur praesentium. Sit sint doloremque repellat vel. Alias a quia earum nihil.\n\nQuisquam beatae modi occaecati ducimus rerum totam deserunt. Blanditiis iste nihil labore quo eligendi. Reprehenderit harum eum sint et. Alias sit nam sint nobis incidunt quae.\n\nSed eum ut eaque reprehenderit. Nisi dolor eveniet libero distinctio et vero. Quia omnis rem voluptas quia.\n\nEnim architecto maxime labore fuga mollitia rerum aut blanditiis. Explicabo maxime animi reiciendis illo. Qui pariatur ut id quia quis molestiae et.', 'default.png', '2019-09-21 16:48:21', '2019-09-21 16:48:21'),
	(50, 2, 'Dolor et et sint nihil inventore accusamus.', 'Quo iure quaerat sit consequatur omnis rerum vero in tempore et laudantium officia nihil quo natus velit voluptas non quas eveniet.', '28', 1, 56962, 'Quam dolores sit repellendus. Cumque ut molestias repudiandae id iure. Officia aut impedit explicabo voluptatum nisi voluptatem voluptatum. Libero et quia laudantium consequuntur ex officiis.\n\nEst vero quia incidunt et ut. Error assumenda culpa voluptatem deleniti aperiam. Eos autem ipsa amet iure eos vel quas.\n\nVero dolorem debitis id corporis nemo nisi. Error consequatur fuga possimus recusandae expedita. Ex placeat dolorem vero eos quam ut.', 'default.png', '2019-09-21 16:48:21', '2019-09-21 16:48:21'),
	(51, 2, 'Modi non itaque doloribus corrupti iure eaque facere asperiores.', 'Et consectetur dolor quis omnis architecto est ut voluptatem ut commodi sequi earum aut voluptatibus quisquam quidem tenetur non iure.', '28', 0, 24852, 'Voluptas impedit consequatur qui inventore. Et sint a qui soluta repellendus minima perspiciatis. Dolore cum velit aut ut esse. Delectus iusto eos sit ut quidem esse.\n\nEum aut facilis et hic. Maiores fugit accusantium ut neque enim. Illo ratione beatae velit sit ad commodi nulla architecto. Velit dignissimos officia asperiores natus sit qui reprehenderit.\n\nEt non nemo quia quas maxime adipisci. Ipsam minus assumenda dolorum ab. Vel voluptas saepe non autem molestiae vitae est. Illum asperiores soluta nobis.', 'default.png', '2019-09-21 16:48:21', '2019-09-21 16:48:21'),
	(52, 1, 'Assumenda doloribus tenetur qui fugit.', 'Sit quod et non aperiam sit quia iure magni quibusdam fugit voluptatem est aut qui a ipsum illum.', '28', 1, 13931, 'Harum consequatur nam quas voluptas et facilis inventore. Unde perferendis eveniet sed corporis maxime eligendi maiores. Excepturi alias adipisci minima eveniet beatae eos qui. Cupiditate est quas quam quasi dicta est architecto.\n\nAut quasi quisquam et non consectetur qui tempore. Dolores sint similique dolorem velit cum. Qui non temporibus ducimus incidunt eius quia et. Ratione nihil quas recusandae omnis magni.\n\nAliquid laborum quisquam est aut est sint. Eius suscipit sed nam ullam. Rerum inventore sit veniam et dicta quos itaque dolor. Magni nobis autem impedit fugit laudantium.\n\nQui et aut iusto odio eos sunt explicabo. Ea voluptas est enim excepturi et. Distinctio consectetur eum dolor consequatur nisi asperiores.\n\nQuia aut ut ipsam accusantium amet. Id ipsa minima numquam maxime voluptas corrupti. Beatae vero et quis id. Quia maxime ratione recusandae eos animi placeat.\n\nFugiat quia doloremque velit autem repudiandae. Et ut iure voluptates quam numquam. Distinctio pariatur qui alias alias doloribus consectetur ipsum sequi. Cupiditate voluptatum qui repellat facilis veniam aspernatur ratione.\n\nError vel et eum perspiciatis occaecati. Exercitationem dolores sed adipisci maiores architecto. Nostrum commodi qui dolorem. A sit aut voluptas nihil vel doloremque. Corporis soluta quas ea quas.\n\nAtque velit dolores assumenda non. Ut qui necessitatibus hic iure eius. Quas excepturi eum earum et voluptatem.\n\nNatus natus dolor earum distinctio dolorem. Officiis numquam cum minus veniam ut quisquam animi. Voluptatem similique ut velit voluptas aperiam. Dolore et consequatur vero perferendis.\n\nCorrupti voluptatem doloribus est alias quos. Eligendi doloremque repudiandae doloremque. Enim ut expedita voluptatem eius facere officia quam. Voluptas exercitationem cumque ipsum earum in minima.', 'default.png', '2019-09-21 16:48:21', '2019-09-21 16:48:21'),
	(53, 1, 'Et fuga nam nemo assumenda ratione cupiditate nobis.', 'Nostrum laudantium et ratione dolor error explicabo necessitatibus mollitia voluptates sunt quaerat repellat quia architecto voluptatem vel.', '28', 0, 32813, 'Et rerum consectetur eveniet ratione earum placeat. Voluptas corrupti possimus possimus sit. Impedit consequatur est sunt sed reprehenderit aperiam.\n\nDeserunt doloribus provident et et sint. Occaecati omnis beatae aut nemo occaecati. Sed et doloremque quia ea.\n\nExpedita fugiat illum optio. Blanditiis omnis aut ipsa dolores sint eos repellendus veniam. Autem deleniti laudantium placeat hic quam assumenda qui.\n\nDolorem omnis labore soluta sint provident quisquam. Ut unde ut ut est inventore. Et accusantium nobis dolorem.\n\nMolestiae et enim eaque earum. Ducimus ad molestiae est dolor. Quas adipisci perferendis libero et.\n\nNesciunt repellat delectus dignissimos. Laborum rem in ut autem fugiat ipsa in. Beatae saepe iure amet ut perferendis et. Suscipit labore omnis est et labore aut. Eum vero rerum accusantium et quae.', 'default.png', '2019-09-21 16:48:21', '2019-09-21 16:48:21'),
	(54, 1, 'Soluta odit dolorem nam explicabo in voluptatem aliquam.', 'Aut maxime dolorem dolores voluptas veritatis est voluptatem mollitia voluptatum aut.', '28', 1, 62793, 'Debitis natus deleniti sint eius. Eum laudantium commodi dignissimos suscipit quaerat qui mollitia. Reiciendis quia omnis iure reiciendis fugit vel enim. Aut molestiae corporis aut alias.\n\nVoluptas mollitia neque ad dolor ut laudantium. Quibusdam qui repudiandae voluptas aut voluptatum. Reprehenderit maxime consequatur omnis nihil ut autem eaque illo. Laboriosam quo alias rerum eos.\n\nEum illo inventore distinctio. Ipsam aut mollitia sint modi ducimus cumque. Odio et laboriosam aut ratione et quaerat tempora. Id qui quasi placeat quae fugiat ratione ipsam. Consequatur vero non dolorem fugit quibusdam ut.\n\nEst dicta quo et nihil voluptatem voluptatum adipisci. Et iusto magnam sit labore dolores sit. Numquam similique velit hic suscipit maiores. Ea vero tempora hic dolores blanditiis.\n\nRerum excepturi fugit mollitia labore et eaque magni. Aperiam blanditiis exercitationem ut ea qui beatae. Commodi nisi sequi tempora ipsum quas cumque. Dolores odit quis aut id aut.\n\nEsse cumque id sit qui nam officia voluptatum. Reiciendis reiciendis enim assumenda incidunt expedita enim. Cupiditate officia rerum ullam qui.', 'default.png', '2019-09-21 16:48:21', '2019-09-21 16:48:21'),
	(55, 4, 'Dolores illum est ipsam neque quos.', 'Ex animi consequatur excepturi fugit dolores cumque deserunt voluptatem eos porro.', '28', 0, 82152, 'Assumenda eos voluptatum earum et. Et ut sed laboriosam quibusdam temporibus tempora. Enim ipsum eaque similique culpa consectetur reiciendis. Magni qui rem et culpa. Natus doloremque quia hic dolores.\n\nModi quibusdam porro rerum qui ea eveniet. Qui perferendis odio voluptatem explicabo sit ea quo. Sapiente a error explicabo incidunt. Sit voluptas velit non quia deserunt illum. Odio nihil quo corrupti ut et tempora rerum.\n\nOmnis optio voluptatem odit rerum rerum aliquam et. Facilis qui rerum voluptatem doloribus accusantium perspiciatis. Facere ratione odit doloribus rerum. Unde voluptatem fuga nulla placeat corrupti qui eius consectetur.', 'default.png', '2019-09-21 16:48:21', '2019-09-21 16:48:21'),
	(56, 4, 'Saepe qui consequatur non impedit.', 'Id dolor enim nesciunt qui non eligendi error ipsa quasi illum sint placeat nam quia nostrum ut placeat qui vel odit.', '28', 1, 86566, 'Aut et nam minima cupiditate. Cupiditate cumque possimus ut nostrum ut minus vitae. Quibusdam molestiae in atque et.\n\nEt odio quo quidem a sed. Quia et repellendus unde error labore veritatis possimus aut. Ullam sint quis velit earum laboriosam atque officiis.\n\nVelit voluptatem fuga mollitia voluptatem reiciendis. Et accusamus veniam dignissimos non. Quisquam minima eum eum impedit eaque.\n\nEt culpa cupiditate rerum aspernatur voluptatem impedit ut. Dolorum veritatis provident aut non et omnis. Et harum ex corporis.\n\nNobis eum eaque aperiam consequuntur possimus sint sed est. Voluptas dignissimos repudiandae error quo odit omnis. Natus et ut minus impedit.', 'default.png', '2019-09-21 16:48:21', '2019-09-21 16:48:21'),
	(57, 4, 'Eum sint neque hic molestiae.', 'Praesentium sapiente eius harum reiciendis voluptates earum ipsam omnis omnis quia.', '28', 0, 12751, 'Ea quaerat perferendis illo vel atque dolorum sequi. Enim reprehenderit consequatur ea error. Molestias accusamus corrupti eveniet consequatur. Qui dolorem perspiciatis odit eveniet suscipit consectetur.\n\nVoluptatem ipsum voluptatem id excepturi quia ea. Sit tempore quis et distinctio architecto. Beatae non deleniti suscipit labore. Ut ea a rem sed consequatur odit et.\n\nUt amet provident non asperiores recusandae in voluptatum. Sit porro aut nihil ut est occaecati temporibus. Nesciunt qui provident non debitis.\n\nModi debitis veniam neque rem reprehenderit. Cum repudiandae vitae est qui excepturi numquam et. Inventore vel atque quae consequuntur maiores quod. Error nemo quae eos autem ab vitae aut.\n\nMinima quis fugiat dolor architecto vero nam. Modi voluptatem velit eveniet aliquam porro. Ipsa et tenetur et voluptas placeat laborum voluptas eum. Quaerat modi ipsam quae molestias dolore eos non.\n\nMolestias debitis sequi non labore rerum voluptates. Et et voluptatibus ut consequatur quae. Quisquam aliquid dolorem vitae voluptatum velit vero. Sit repellendus explicabo aliquam sed quidem possimus quia. Omnis ab et vel.\n\nQuo maxime est nostrum quasi cum necessitatibus ut error. Numquam ea tempore commodi minima optio. Vel vitae reiciendis magnam ut quidem.', 'default.png', '2019-09-21 16:48:21', '2019-09-21 16:48:21'),
	(58, 4, 'Commodi minus nobis eligendi non sed nihil aperiam.', 'Commodi voluptatem sint quia reprehenderit provident nemo non qui accusantium nemo et voluptates exercitationem placeat.', '28', 0, 19465, 'Omnis incidunt sunt voluptatem omnis. Ad rem illo in voluptatem ullam doloribus. Quibusdam dolor consequatur et fuga consequatur earum.\n\nPerspiciatis saepe corrupti ad assumenda molestiae et in. Doloremque excepturi autem id placeat dolore itaque rerum. Excepturi voluptatibus ipsa sint et corrupti est. Sint inventore dolores minus et.\n\nVoluptatem odio quia nulla et. Ut quam alias saepe aut molestiae necessitatibus. Similique tempore dolorem voluptatibus error ut nostrum molestias assumenda.\n\nEnim qui alias sit quod. Neque temporibus rerum dignissimos suscipit provident optio debitis. Modi omnis accusantium eveniet sequi. Non blanditiis aut unde asperiores id voluptatem.\n\nDolorum unde qui magnam iste maxime autem quia. Mollitia suscipit et molestiae totam.', 'default.png', '2019-09-21 16:48:21', '2019-09-21 16:48:21'),
	(59, 4, 'Quo repudiandae in adipisci.', 'Omnis autem doloribus expedita repudiandae distinctio repudiandae omnis possimus inventore.', '28', 0, 58655, 'Voluptatem dolorum non et. Nihil ea non iure blanditiis consectetur. Error aliquam sit ab odio dignissimos perferendis quam.\n\nError aut totam ut vel dicta. Consequatur ut dolorem qui consequatur est dignissimos neque. Minima neque eaque sequi dolores eum.\n\nPariatur rerum quis dolore impedit corrupti. Officia officiis doloremque occaecati aut similique similique. Consequuntur placeat quaerat sed quia perspiciatis magni labore. Ea ipsum rem distinctio fuga.\n\nNihil voluptatem error ab. Voluptatum dicta velit dolore. Voluptates consequatur aut dolor ut.\n\nSapiente hic officiis iure aut facilis. Cum qui aliquid natus voluptas enim. Alias et quis occaecati eligendi ducimus et.\n\nEa sed aperiam nihil iste. Ea rerum molestiae quibusdam quidem qui ullam voluptas. Voluptatibus amet delectus natus at. Ut molestiae est ex nesciunt rerum deleniti.\n\nAutem occaecati consectetur illum neque. Eos totam quia autem velit laborum corrupti non. Aperiam magni reprehenderit repellat quia cum assumenda quis.', 'default.png', '2019-09-21 16:48:21', '2019-09-21 16:48:21'),
	(60, 4, 'Consequatur inventore et magnam aut exercitationem ut eaque.', 'Ad vitae voluptatem occaecati nihil rerum magnam molestiae laudantium eaque quas fugit est quis sit repellat magni aut sunt dolorem odit.', '28', 0, 23527, 'Quia explicabo ipsa nihil et neque dolores tempore. Enim et sed iure ut omnis sed. Delectus maxime dolorum accusamus assumenda deleniti sit fugit.\n\nVeritatis optio quod voluptatem. Enim et facilis saepe. Ea enim ut voluptatibus id.\n\nOdit et quo inventore totam. Modi a nobis quidem nesciunt explicabo aliquid unde. Necessitatibus ad aut laudantium iste eaque asperiores soluta modi. Illum consectetur rerum veritatis soluta commodi ut earum.', 'default.png', '2019-09-21 16:48:21', '2019-09-21 16:48:21'),
	(61, 4, 'Accusantium sed tenetur quasi architecto id.', 'Voluptates eos quis voluptatibus at id nihil in sit error aut.', '28', 1, 379, 'Placeat qui temporibus quis repellat delectus. Quia assumenda ullam similique et fugit. Rerum voluptas provident consequatur velit voluptas aspernatur aliquid.\n\nEst perferendis consequatur quisquam nisi ad. Consequatur saepe non officiis quis non. Et sint tenetur quasi eligendi esse tenetur. Fuga voluptates quasi inventore non.', 'default.png', '2019-09-21 16:48:21', '2019-09-21 16:48:21'),
	(62, 4, 'test post', 'test post', '28', 1, 0, 'test post', '1573479186.jpg', '2019-11-11 13:33:06', '2019-11-11 13:33:06'),
	(63, 4, 'Test Web Dev', 'Voluptates eos quis voluptatibus at id nihil in sit error aut.', '28', 1, 0, 'Hello World', '1573746628.jpg', '2019-11-14 15:50:28', '2019-11-14 15:50:28');
/*!40000 ALTER TABLE `mnh_post` ENABLE KEYS */;

-- Dumping structure for table mnhazim.mnh_quotes
CREATE TABLE IF NOT EXISTS `mnh_quotes` (
  `id` bigint(20) unsigned NOT NULL AUTO_INCREMENT,
  `desc` varchar(191) COLLATE utf8mb4_unicode_ci NOT NULL,
  `from` varchar(191) COLLATE utf8mb4_unicode_ci NOT NULL,
  `status` varchar(191) COLLATE utf8mb4_unicode_ci NOT NULL,
  `created_at` timestamp NULL DEFAULT NULL,
  `updated_at` timestamp NULL DEFAULT NULL,
  PRIMARY KEY (`id`)
) ENGINE=InnoDB AUTO_INCREMENT=11 DEFAULT CHARSET=utf8mb4 COLLATE=utf8mb4_unicode_ci;

-- Dumping data for table mnhazim.mnh_quotes: ~9 rows (approximately)
/*!40000 ALTER TABLE `mnh_quotes` DISABLE KEYS */;
REPLACE INTO `mnh_quotes` (`id`, `desc`, `from`, `status`, `created_at`, `updated_at`) VALUES
	(1, 'BFMlFYV0sNiTVfPlupix', 'sP0HJIdcT9', '1', '2019-11-14 02:32:37', NULL),
	(2, 'y8KUQvjBjvncG2a30H9F', 'D52rCfX8zn', '1', '2019-11-14 02:32:38', NULL),
	(3, 'Epgz9QOg2qtOGegwK6WV', 'Ie2AEILdym', '1', '2019-11-14 02:32:39', NULL),
	(4, '5thoIu3zzL0Hn8RbCGig', 'FrYSg0Wb0D', '1', '2019-11-14 02:32:40', NULL),
	(5, 'CJEhDeODx0D3uKIBvgkQ', 'ur7tLSst22', '1', '2019-11-14 02:32:40', NULL),
	(6, 'Z1O22h08ENc1zSvpEBsc', 'fPNpRjoFm6', '1', '2019-11-14 02:32:41', NULL),
	(7, 'xSj7pOIaP2AId6kZoG9r', 'EjovAzpCIE', '2', '2019-11-14 02:32:42', NULL),
	(8, 'r1CCTTmH2o8n0KIVqi4d', 'ucSldFAPI2', '2', '2019-11-14 02:32:42', NULL),
	(10, 'Never Give Upp', 'Brotherhood', '1', '2019-11-13 18:45:36', '2019-11-13 18:58:55');
/*!40000 ALTER TABLE `mnh_quotes` ENABLE KEYS */;

-- Dumping structure for table mnhazim.password_resets
CREATE TABLE IF NOT EXISTS `password_resets` (
  `email` varchar(191) COLLATE utf8mb4_unicode_ci NOT NULL,
  `token` varchar(191) COLLATE utf8mb4_unicode_ci NOT NULL,
  `created_at` timestamp NULL DEFAULT NULL,
  KEY `password_resets_email_index` (`email`)
) ENGINE=InnoDB DEFAULT CHARSET=utf8mb4 COLLATE=utf8mb4_unicode_ci;

-- Dumping data for table mnhazim.password_resets: ~0 rows (approximately)
/*!40000 ALTER TABLE `password_resets` DISABLE KEYS */;
/*!40000 ALTER TABLE `password_resets` ENABLE KEYS */;

-- Dumping structure for table mnhazim.users
CREATE TABLE IF NOT EXISTS `users` (
  `id` bigint(20) unsigned NOT NULL AUTO_INCREMENT,
  `name` varchar(191) COLLATE utf8mb4_unicode_ci NOT NULL,
  `email` varchar(191) COLLATE utf8mb4_unicode_ci NOT NULL,
  `email_verified_at` timestamp NULL DEFAULT NULL,
  `password` varchar(191) COLLATE utf8mb4_unicode_ci NOT NULL,
  `remember_token` varchar(100) COLLATE utf8mb4_unicode_ci DEFAULT NULL,
  `created_at` timestamp NULL DEFAULT NULL,
  `updated_at` timestamp NULL DEFAULT NULL,
  PRIMARY KEY (`id`),
  UNIQUE KEY `users_email_unique` (`email`)
) ENGINE=InnoDB AUTO_INCREMENT=2 DEFAULT CHARSET=utf8mb4 COLLATE=utf8mb4_unicode_ci;

-- Dumping data for table mnhazim.users: ~0 rows (approximately)
/*!40000 ALTER TABLE `users` DISABLE KEYS */;
REPLACE INTO `users` (`id`, `name`, `email`, `email_verified_at`, `password`, `remember_token`, `created_at`, `updated_at`) VALUES
	(1, 'hazim', 'hazim.sap1@gmail.com', NULL, '$2y$10$gyZWGjjllG7rmoH4V/eiYuUKtBbbFyVvWxY4Pn1Ja6yFBsRFgPLY.', NULL, '2019-11-09 15:39:57', '2019-11-09 15:39:57');
/*!40000 ALTER TABLE `users` ENABLE KEYS */;

/*!40101 SET SQL_MODE=IFNULL(@OLD_SQL_MODE, '') */;
/*!40014 SET FOREIGN_KEY_CHECKS=IF(@OLD_FOREIGN_KEY_CHECKS IS NULL, 1, @OLD_FOREIGN_KEY_CHECKS) */;
/*!40101 SET CHARACTER_SET_CLIENT=@OLD_CHARACTER_SET_CLIENT */;
